split,P1,P2,P3,P4,P5,P6,P7,P8,Avg
test,0.5642696124379304,0.550925925925926,0.5496069081067148,0.5480146741476046,0.5471035693387947,0.5585128855090832,0.5775453431046981,0.3473044464038293,0.5304104206218228
