split,essay_set,n,gold_min,gold_max,pred_min,pred_max,qwk
test,1,178,4,12,2,12,0.5642696124379304
test,2,180,1,6,1,6,0.550925925925926
test,3,173,0,3,0,3,0.5496069081067148
test,4,177,0,3,0,3,0.5480146741476046
test,5,180,0,4,0,4,0.5471035693387947
test,6,180,0,4,0,4,0.5585128855090832
test,7,157,4,24,0,30,0.5775453431046981
test,8,72,20,55,0,60,0.3473044464038293
