split,essay_set,n,gold_min,gold_max,pred_min,pred_max,qwk
test,1,355,2,12,2,12,0.5246369757832009
test,2,360,1,6,1,6,0.49926568291488915
test,3,345,0,3,0,3,0.5709272257111193
test,4,354,0,3,0,3,0.6441906717136076
test,5,362,0,4,0,4,0.700124825055793
test,6,359,0,4,0,4,0.5763796633480769
test,7,314,4,24,0,30,0.6355182946038503
test,8,147,20,55,0,60,0.43158106285424613
