model,accuracy,balanced_accuracy,macro_f1,weighted_f1
GradientBoosting,1.0,1.0,1.0,1.0
RandomForest_balanced,0.9979349509550852,0.9951819347700356,0.996740192144869,0.99793053822463
LogReg_balanced,0.9788332472896232,0.9804399183853416,0.968019783164793,0.9792506583654484
LinearSVM_balanced,0.701600413009809,0.7448544215734653,0.726776439246089,0.6935203542264777
kNN_5,0.4723799690242643,0.41069833735425615,0.43176502799948274,0.4693028379214601
